{
	"directed_movement" : false,
	"exp_dir_displacement" : 300,
	"exp_displacement" : 300,
	"exp_displacement_z" : 212.13203435596424,
	"exp_noise_rate" : 10,
	"ignore_intensity" : true,
	"max_blinking_duration" : 2,
	"max_displacement" : 50,
	"max_displacement_pp" : 1050,
	"max_log_complexity" : 8,
	"max_memory" : 500,
	"max_outgoing_connections" : 2,
	"no_postprocessing" : true,
	"p_bleach" : 0.20000000000000001,
	"p_blink" : 0,
	"p_reappear" : 0.5,
	"p_switch" : 0.001,
	"precision" : 25,
	"precision_z" : 100,
	"pruning_base" : 2,
	"pruning_rate" : 0.20000000000000001,
	"random_seed" : 42,
	"sd_acceleration" : 5,
	"sd_angle" : 0.29999999999999999,
	"threads" : 8,
	"w_diffusion" : 2,
	"w_directed" : 1,
	"w_field" : 1,
	"w_immobile" : 1,
	"z_range" : 0
}